{
  "project_info": {
    "project_number": "756840820787",
    "project_id": "mad-project-backend",
    "storage_bucket": "mad-project-backend.firebasestorage.app"
  },
  "client": [
    {
      "client_info": {
        "mobilesdk_app_id": "1:756840820787:android:97d9e61f870e4b00527346",
        "android_client_info": {
          "package_name": "com.example.madproject"
        }
      },
      "oauth_client": [],
      "api_key": [
        {
          "current_key": "AIzaSyC_1jTs6NfB5_Jw8jeViug6HtvmQW3zpGo"
        }
      ],
      "services": {
        "appinvite_service": {
          "other_platform_oauth_client": []
        }
      }
    }
  ],
  "configuration_version": "1"
}